Accuracy,Precision,Recall,F1-Score,AUC-ROC,AUC-PRC
0.8053333333333333,0.8213844252163165,0.5316,0.6454589606605148,0.8183696,0.7803387441887719
