Accuracy,Precision,Recall,F1-Score,AUC-ROC,AUC-PRC
0.8288,0.8712930011862396,0.5792586750788643,0.6958787304594979,0.8328337055188525,0.8111348669581554
