Accuracy,Precision,Recall,F1-Score,AUC-ROC,AUC-PRC
0.8117333333333333,0.8456334563345633,0.542192429022082,0.6607400288322921,0.8164812676507446,0.7863086376349818
