Accuracy,Precision,Recall,F1-Score,AUC-ROC,AUC-PRC
0.8277333333333333,0.8621103117505995,0.5752,0.6900191938579654,0.8386550399999999,0.8104570813661108
