Accuracy,Precision,Recall,F1-Score,AUC-ROC,AUC-PRC
0.7089333333333333,0.6023240800516462,0.3732,0.4608545319832057,0.73899216,0.539143189134638
