Accuracy,Precision,Recall,F1-Score,AUC-ROC,AUC-PRC
0.698,0.6018031555221638,0.31585173501577285,0.41427463149728466,0.7154823085839495,0.5254676373659048
