Accuracy,Precision,Recall,F1-Score,AUC-ROC,AUC-PRC
0.7104,0.6211717709720372,0.36790220820189273,0.46210995542347694,0.7473919475745875,0.5533263891638481
