Accuracy,Precision,Recall,F1-Score,AUC-ROC,AUC-PRC
0.694,0.5767790262172284,0.308,0.40156453715775753,0.70593032,0.49734535500271604
