Accuracy,Precision,Recall,F1-Score,AUC-ROC,AUC-PRC
0.8328,0.8588709677419355,0.5964,0.7039660056657224,0.84327792,0.8171999434957337
