Accuracy,Precision,Recall,F1-Score,AUC-ROC,AUC-PRC
0.8277333333333333,0.8654524089306698,0.5808359621451105,0.6951392166116093,0.8388224077712845,0.8159123833412631
