Accuracy,Precision,Recall,F1-Score,AUC-ROC,AUC-PRC
0.8074666666666667,0.8285198555956679,0.542981072555205,0.6560266793711291,0.8179139806607575,0.7849431587628449
