Accuracy,Precision,Recall,F1-Score,AUC-ROC,AUC-PRC
0.8112,0.8268998793727382,0.5484,0.6594516594516594,0.819162,0.7872170557688473
