Accuracy,Precision,Recall,F1-Score,AUC-ROC,AUC-PRC
0.7124,0.6224951519069166,0.3797318611987382,0.4717119764878766,0.745093776134541,0.5505847454733207
