Accuracy,Precision,Recall,F1-Score,AUC-ROC,AUC-PRC
0.7045333333333333,0.6072507552870091,0.3216,0.4205020920502092,0.7266429600000001,0.5282267695391248
