Accuracy,Precision,Recall,F1-Score,AUC-ROC,AUC-PRC
0.7004,0.6019760056457304,0.3363564668769716,0.4315709587654946,0.7139187639966751,0.5203119268652893
