Accuracy,Precision,Recall,F1-Score,AUC-ROC,AUC-PRC
0.714,0.6198514517218096,0.3672,0.4611906556141673,0.7523793599999999,0.5556016322107868
