Accuracy,Precision,Recall,F1-Score,AUC-ROC,AUC-PRC
0.7137333333333333,1.0,0.153391167192429,0.26598290598290597,0.7189248392844887,0.6797152230215604
