Accuracy,Precision,Recall,F1-Score,AUC-ROC,AUC-PRC
0.7130666666666666,0.9943181818181818,0.14,0.24544179523141657,0.74657304,0.679034928395583
