Accuracy,Precision,Recall,F1-Score,AUC-ROC,AUC-PRC
0.7744,0.6716842961757526,0.6510252365930599,0.6611934321185422,0.8085111064649705,0.7465065661082325
