Accuracy,Precision,Recall,F1-Score,AUC-ROC,AUC-PRC
0.8145333333333333,0.789556135770235,0.6048,0.6849377123442809,0.82559536,0.7933555206186754
