Accuracy,Precision,Recall,F1-Score,AUC-ROC,AUC-PRC
0.6618666666666667,0.0,0.0,0.0,0.6447834105877777,0.46525299579825186
