Accuracy,Precision,Recall,F1-Score,AUC-ROC,AUC-PRC
0.7001333333333334,0.5638061360604714,0.5,0.5299895506792058,0.7055123386807729,0.510440474908133
