Accuracy,Precision,Recall,F1-Score,AUC-ROC,AUC-PRC
0.7154666666666667,0.5835616438356165,0.5112,0.5449893390191898,0.71614952,0.5231147436551608
