Accuracy,Precision,Recall,F1-Score,AUC-ROC,AUC-PRC
0.6666666666666666,0.0,0.0,0.0,0.6354204,0.46111425189733146
