Accuracy,Precision,Recall,F1-Score,AUC-ROC,AUC-PRC
0.7212,0.6386292834890965,0.40417981072555204,0.495049504950495,0.7510191676601499,0.5522675849124198
