Accuracy,Precision,Recall,F1-Score,AUC-ROC,AUC-PRC
0.8086666666666666,0.8334376956793988,0.5324,0.6497437149133511,0.8088528799999999,0.7749272048021036
