Accuracy,Precision,Recall,F1-Score,AUC-ROC,AUC-PRC
0.6985333333333333,0.6007326007326007,0.32334384858044163,0.42040502435273003,0.7300387712666847,0.526540932381695
