Accuracy,Precision,Recall,F1-Score,AUC-ROC,AUC-PRC
0.8230666666666666,0.8604651162790697,0.569006309148265,0.6850225492523143,0.8283588207332542,0.805212270951231
