Accuracy,Precision,Recall,F1-Score,AUC-ROC,AUC-PRC
0.6966666666666667,0.5796178343949044,0.3276,0.4186046511627907,0.7247469599999999,0.5295205955422038
