Accuracy,Precision,Recall,F1-Score,AUC-ROC,AUC-PRC
0.8026666666666666,0.825925925925926,0.527602523659306,0.6438883541867181,0.8072798438981486,0.776417464301259
