Accuracy,Precision,Recall,F1-Score,AUC-ROC,AUC-PRC
0.7196,0.6239850093691443,0.3996,0.48719824433065106,0.7517204,0.5569955726272556
