Accuracy,Precision,Recall,F1-Score,AUC-ROC,AUC-PRC
0.8264,0.8548578199052133,0.5772,0.6891117478510028,0.8349028000000001,0.8083545333401261
