Accuracy,Precision,Recall,F1-Score,AUC-ROC,AUC-PRC
0.8262666666666667,0.8598949211908932,0.5808359621451105,0.69333960931984,0.8295340012760647,0.8110549823498091
