Accuracy,Precision,Recall,F1-Score,AUC-ROC,AUC-PRC
0.8286666666666667,0.8653036680697535,0.5756,0.691328368964689,0.83203384,0.8094856943008524
