Accuracy,Precision,Recall,F1-Score,AUC-ROC,AUC-PRC
0.7176,0.6344916344916345,0.388801261829653,0.48215158924205376,0.7508212918502175,0.5691097070120172
