Accuracy,Precision,Recall,F1-Score,AUC-ROC,AUC-PRC
0.8284,0.8495677233429395,0.5896,0.6961038961038961,0.8321604,0.8089764879029003
