Accuracy,Precision,Recall,F1-Score,AUC-ROC,AUC-PRC
0.7024,0.5975254730713246,0.3284,0.42385131646876617,0.71915952,0.5288026993736605
