Accuracy,Precision,Recall,F1-Score,AUC-ROC,AUC-PRC
0.8317333333333333,0.863169897377423,0.5970031545741324,0.7058275058275058,0.8389077223517211,0.8203167856289345
