Accuracy,Precision,Recall,F1-Score,AUC-ROC,AUC-PRC
0.7093333333333334,0.6031286210892236,0.4104889589905363,0.4885030502111685,0.7446463909231641,0.541323627556531
