Accuracy,Precision,Recall,F1-Score,AUC-ROC,AUC-PRC
0.7186666666666667,0.620817843866171,0.4008,0.4871171609139524,0.75208024,0.561061320856928
