Accuracy,Precision,Recall,F1-Score,AUC-ROC,AUC-PRC
0.81,0.8320382546323969,0.5488958990536278,0.6614397719173201,0.823414705755255,0.7919879301573757
