Accuracy,Precision,Recall,F1-Score,AUC-ROC,AUC-PRC
0.6964,0.6025336500395883,0.3000788643533123,0.4006317451961043,0.7216332197500236,0.536463509476818
