Accuracy,Precision,Recall,F1-Score,AUC-ROC,AUC-PRC
0.8094666666666667,0.8155568650559811,0.5536,0.6595187038360734,0.8169171199999999,0.7833897819136181
