Accuracy,Precision,Recall,F1-Score,AUC-ROC,AUC-PRC
0.7182666666666667,0.6164960866947622,0.4096,0.49218937755347275,0.7556510399999999,0.5503985200484001
