Accuracy,Precision,Recall,F1-Score,AUC-ROC,AUC-PRC
0.9632,0.9579901153212521,0.9304,0.9439935064935066,0.994104,0.9889991397725485
