Accuracy,Precision,Recall,F1-Score,AUC-ROC,AUC-PRC
0.9644,0.9594977723774808,0.9341482649842271,0.9466533466533467,0.9946040910962718,0.9896869822634758
