Accuracy,Precision,Recall,F1-Score,AUC-ROC,AUC-PRC
0.9772,0.977449774497745,0.9536,0.9653776068029966,0.99787408,0.9958161108849033
