Accuracy,Precision,Recall,F1-Score,AUC-ROC,AUC-PRC
0.974,0.9748478701825558,0.9475552050473186,0.9610077984403119,0.9974154209996517,0.994902331203356
