Accuracy,Precision,Recall,F1-Score,AUC-ROC,AUC-PRC
0.9536,0.9106870229007633,0.9544,0.93203125,0.9901034,0.9778936562630339
