Accuracy,Precision,Recall,F1-Score,AUC-ROC,AUC-PRC
0.9749333333333333,0.9446153846153846,0.9824,0.9631372549019608,0.9964256,0.9918024166440793
