Accuracy,Precision,Recall,F1-Score,AUC-ROC,AUC-PRC
0.9754666666666667,0.9461305007587253,0.9834384858044164,0.9644238205723126,0.996770994059436,0.9928538891807176
