Accuracy,Precision,Recall,F1-Score,AUC-ROC,AUC-PRC
0.9518666666666666,0.9127134724857685,0.9483438485804416,0.930187584606459,0.9898445860670011,0.9777609003654759
