Accuracy,Precision,Recall,F1-Score,AUC-ROC,AUC-PRC
0.8277333333333333,0.8578826237054085,0.5879337539432177,0.6977070659803463,0.8344166325620176,0.811852466937231
