Accuracy,Precision,Recall,F1-Score,AUC-ROC,AUC-PRC
0.806,0.8191814294441051,0.5364,0.6482958665699783,0.81918496,0.7819243521813449
