Accuracy,Precision,Recall,F1-Score,AUC-ROC,AUC-PRC
0.8282666666666667,0.8585798816568048,0.5804,0.692601431980907,0.8356752,0.8096367867655774
