Accuracy,Precision,Recall,F1-Score,AUC-ROC,AUC-PRC
0.8034666666666667,0.8138297872340425,0.542981072555205,0.651371807000946,0.8127554671235417,0.7793007861549328
