Accuracy,Precision,Recall,F1-Score,AUC-ROC,AUC-PRC
0.6937333333333333,0.5907365223993926,0.306782334384858,0.40384116273034,0.7244645675996513,0.5280285313668106
