Accuracy,Precision,Recall,F1-Score,AUC-ROC,AUC-PRC
0.7130666666666666,0.6276595744680851,0.3722397476340694,0.46732673267326735,0.753263878473908,0.5598291241141462
