Accuracy,Precision,Recall,F1-Score,AUC-ROC,AUC-PRC
0.6885333333333333,0.5606508875739645,0.3032,0.3935617860851506,0.7124836800000001,0.5054902930618855
