Accuracy,Precision,Recall,F1-Score,AUC-ROC,AUC-PRC
0.7065333333333333,0.5962652929813265,0.3704,0.45694547248951395,0.7389072800000002,0.5352441392090699
