Accuracy,Precision,Recall,F1-Score,AUC-ROC,AUC-PRC
0.9841333333333333,0.9626894675476098,0.9908,0.9765424797949931,0.9982479200000001,0.995978569331438
