Accuracy,Precision,Recall,F1-Score,AUC-ROC,AUC-PRC
0.9625333333333334,0.9622796227962279,0.9254731861198738,0.9435175879396985,0.9946332044982549,0.9901894257996301
