Accuracy,Precision,Recall,F1-Score,AUC-ROC,AUC-PRC
0.9730666666666666,0.9740048740861088,0.945583596214511,0.9595838335334134,0.9973257771411577,0.9948069416591425
