Accuracy,Precision,Recall,F1-Score,AUC-ROC,AUC-PRC
0.9632,0.9579901153212521,0.9304,0.9439935064935066,0.9946803200000001,0.9901426681190876
