Accuracy,Precision,Recall,F1-Score,AUC-ROC,AUC-PRC
0.9761333333333333,0.9750306999590668,0.9528,0.9637871737811046,0.99732504,0.9948005350002893
