Accuracy,Precision,Recall,F1-Score,AUC-ROC,AUC-PRC
0.9473333333333334,0.9031022596706243,0.9432,0.9227157112111134,0.9884698399999999,0.9750187850742347
