Accuracy,Precision,Recall,F1-Score,AUC-ROC,AUC-PRC
0.9752,0.9412662090007627,0.9872,0.9636860601327606,0.9960969599999999,0.9905297832368247
