Accuracy,Precision,Recall,F1-Score,AUC-ROC,AUC-PRC
0.9749333333333333,0.9443603330809992,0.9838328075709779,0.9636925453843183,0.9964673885413463,0.9919912360499988
