Accuracy,Precision,Recall,F1-Score,AUC-ROC,AUC-PRC
0.9526666666666667,0.9160625715375811,0.9467665615141956,0.9311615280201667,0.9910994014951817,0.9809541929624889
