Accuracy,Precision,Recall,F1-Score,AUC-ROC,AUC-PRC
0.7105333333333334,0.9556786703601108,0.138,0.24117441454037056,0.7301022,0.681912927495191
