Accuracy,Precision,Recall,F1-Score,AUC-ROC,AUC-PRC
0.7792,0.7146341463414634,0.5776813880126183,0.6389010030527692,0.8048407921895693,0.7459675607351142
