Accuracy,Precision,Recall,F1-Score,AUC-ROC,AUC-PRC
0.8308,0.8129130655821047,0.6396,0.7159167226326393,0.8185490799999999,0.8041405791738063
