Accuracy,Precision,Recall,F1-Score,AUC-ROC,AUC-PRC
0.7404,0.9949579831932773,0.2334384858044164,0.37815394442670075,0.7070036756762254,0.6935967099302469
