Accuracy,Precision,Recall,F1-Score,AUC-ROC,AUC-PRC
0.7204,0.6035865974516281,0.5043375394321766,0.549516648764769,0.72450766178949,0.5501661021985663
