Accuracy,Precision,Recall,F1-Score,AUC-ROC,AUC-PRC
0.7232,0.5954954954954955,0.5288,0.5601694915254237,0.709086,0.529457621770454
