Accuracy,Precision,Recall,F1-Score,AUC-ROC,AUC-PRC
0.6618666666666667,0.0,0.0,0.0,0.6371570099670307,0.5038739662879879
