Accuracy,Precision,Recall,F1-Score,AUC-ROC,AUC-PRC
0.6666666666666666,0.0,0.0,0.0,0.63758972,0.4743110867863337
